0:00:00,Passenger Arrival,1,
0:00:00,Button Pressed,19U3U4U,
0:00:17,Lift Departure,L3,23
0:00:51,Passenger Arrival,2,
0:01:03,Lift Stopped,L3,19
0:01:43,Lift Stopped,L3,12
0:01:46,Passenger Arrival,1,
0:02:15,Passenger Arrival,1,
0:02:19,Lift Stopped,L3,11
0:02:35,Enter Lift,L3,0
0:11:37,Passenger Arrival,1,
0:11:37,Button Pressed,1D10I9I,
0:11:37,Lift Departure,L3,1
0:11:41,Enter Lift,L3,0
0:12:02,Passenger Arrival,2,
0:12:02,Button Pressed,17I22D16I,
0:12:02,Lift Departure,L2,22
0:12:51,Enter Lift,L2,0
0:13:01,Passenger Arrival,1,
0:13:01,Button Pressed,20I7I18D,
0:13:01,Lift Departure,L1,18
0:13:09,Lift Stopped,L1,15
0:13:36,Lift Stopped,L1,4
0:13:55,Enter Lift,L1,0
0:14:04,Passenger Arrival,1,
0:14:04,Button Pressed,23D20I2I,
0:14:04,Lift Departure,L3,23
0:14:52,Enter Lift,L3,0
0:15:25,Passenger Arrival,2,
0:15:25,Button Pressed,16U15D9D,
0:15:25,Lift Departure,L1,9
0:15:32,Enter Lift,L1,0
0:16:15,Passenger Arrival,2,
0:16:15,Button Pressed,19U2U8U,
0:16:33,Lift Departure,L2,5
0:16:56,Enter Lift,L2,0
0:18:28,Passenger Arrival,1,
0:18:28,Button Pressed,G13D13I,
0:18:28,Lift Departure,L3,G
0:18:28,Enter Lift,L3,0
0:19:47,Passenger Arrival,1,
0:19:47,Button Pressed,20UG13I,
0:19:47,Lift Departure,L2,G
0:19:47,Enter Lift,L2,0
0:20:15,Passenger Arrival,3,
0:20:15,Button Pressed,22I15I11D,
0:20:15,Lift Departure,L1,11
0:20:34,Passenger Arrival,2,
0:20:34,Enter Lift,L1,0
0:21:03,Passenger Arrival,3,
0:21:03,Button Pressed,14D22I4I,
0:21:03,Lift Departure,L3,14
0:21:21,Passenger Arrival,1,
0:21:45,Passenger Arrival,1,
0:22:00,Enter Lift,L3,0
0:22:45,Passenger Arrival,1,
0:22:45,Button Pressed,1D14D17I,
0:22:45,Lift Departure,L3,1
0:22:56,Enter Lift,L3,0
0:23:17,Passenger Arrival,1,
0:23:17,Button Pressed,5I10D8D,
0:23:17,Lift Departure,L1,8
0:23:37,Passenger Arrival,3,
0:23:44,Enter Lift,L1,0
0:24:15,Passenger Arrival,1,
0:24:15,Button Pressed,19I1D11I,
0:24:16,Passenger Arrival,1,
0:24:22,Enter Lift,L2,0
0:24:42,Passenger Arrival,2,
0:24:42,Button Pressed,21I4U14U,
0:24:42,Lift Departure,L3,22
0:24:46,Passenger Arrival,9,
0:24:57,Passenger Arrival,1,
0:25:08,Passenger Arrival,3,
0:25:30,Lift Stopped,L3,7
0:25:31,Passenger Arrival,2,
0:25:42,Passenger Arrival,1,
0:25:48,Lift Stopped,L3,6
0:26:00,Passenger Arrival,2,
0:26:17,Lift Stopped,L3,1
0:26:19,Passenger Arrival,1,
0:26:38,Enter Lift,L3,8
0:26:38,Passenger Arrival,2,
0:26:38,Button Pressed,1I10U12I,
0:26:38,Lift Departure,L3,1
0:26:45,Enter Lift,L3,0
0:27:06,Passenger Arrival,3,
0:27:06,Button Pressed,10U20I14U,
0:27:06,Lift Departure,L2,20
0:27:24,Enter Lift,L2,0
0:28:12,Passenger Arrival,9,
0:28:12,Button Pressed,20I14UG,
0:28:12,Lift Departure,L1,G
0:28:12,Enter Lift,L1,0
0:28:48,Passenger Arrival,1,
0:28:48,Button Pressed,22I11U22U,
0:28:48,Lift Departure,L3,22
0:30:01,Lift Stopped,L3,19
0:30:25,Passenger Arrival,1,
0:30:42,Lift Stopped,L3,7
0:30:44,Passenger Arrival,2,
0:31:02,Lift Stopped,L3,4
0:31:23,Lift Stopped,L3,1
0:31:33,Passenger Arrival,1,
0:31:40,Enter Lift,L3,0
0:31:55,Passenger Arrival,1,
0:31:55,Button Pressed,5I20I1D,
0:31:55,Lift Departure,L1,1
0:32:00,Enter Lift,L1,0
0:32:15,Passenger Arrival,2,
0:32:15,Button Pressed,11I17D17I,
0:32:15,Lift Departure,L2,17
0:32:25,Passenger Arrival,2,
0:32:31,Lift Stopped,L2,15
0:32:58,Passenger Arrival,1,
0:33:11,Passenger Arrival,1,
0:33:16,Enter Lift,L2,0
0:33:35,Passenger Arrival,7,
0:33:35,Button Pressed,22I4I17D,
0:33:35,Lift Departure,L1,17
0:33:42,Passenger Arrival,3,
0:33:52,Passenger Arrival,1,
0:33:54,Lift Stopped,L1,15
0:34:15,Lift Stopped,L1,14
0:34:21,Passenger Arrival,3,
0:34:28,Lift Stopped,L1 ,13
0:34:49,Passenger Arrival,2,
0:35:05,Lift Stopped,L1 ,4
0:35:21,Enter Lift,L1,3
0:36:44,Passenger Arrival,4,
0:36:44,Button Pressed,8D5I8I,
0:36:44,Lift Departure,L3,8
0:36:58,Passenger Arrival,5,
0:37:08,Lift Stopped,L3,2
0:37:26,Enter Lift,L3,0
0:37:35,Passenger Arrival,1,
0:37:35,Button Pressed,4I14D16I,
0:37:35,Lift Departure,L2,14
0:37:51,Lift Stopped,L2,10
0:37:55,Passenger Arrival,2,
0:38:16,Lift Stopped,L2,2
0:38:18,Passenger Arrival,1,
0:38:42,Passenger Arrival,1,
0:38:50,Enter Lift,L2,0
0:39:35,Passenger Arrival,3,
0:39:35,Button Pressed,17D7I8D,
0:39:35,Lift Departure,L1,8
0:39:57,Passenger Arrival,2,
0:40:06,Lift Stopped,L1,5
0:40:17,Lift Stopped,L1 ,4
0:40:37,Lift Stopped,L1,3
0:41:03,Enter Lift,L1,0
0:42:30,Passenger Arrival,2,
0:42:30,Button Pressed,5I19D10I,
0:42:38,Passenger Arrival,1,
0:42:42,Lift Departure,L3,7
0:42:50,Enter Lift,L3,0
0:43:00,Passenger Arrival,2,
0:43:00,Button Pressed,6U17D15U,
0:43:00,Lift Departure,L2,17
0:43:27,Passenger Arrival,2,
0:43:54,Lift Stopped,L2,3
0:44:13,Lift Stopped,L2,2
0:44:35,Lift Stopped,L2,1
0:44:42,Passenger Arrival,1,
0:44:52,Passenger Arrival,1,
0:44:57,Enter Lift,L2,0
0:45:15,Passenger Arrival,1,
0:45:15,Button Pressed,15D11U8D,
0:45:15,Lift Departure,L1,8
0:45:59,Passenger Arrival,1,
0:46:30,Lift Stopped,L1,5
0:46:44,Enter Lift,L1,0
0:47:48,Passenger Arrival,1,
0:47:48,Button Pressed,20I14D9I,
0:47:48,Lift Departure,L2,14
0:47:50,Lift Stopped,L2,13
0:48:05,Passenger Arrival,1,
0:48:15,Passenger Arrival,2,
0:48:18,Lift Stopped,L2 ,12
0:48:25,Passenger Arrival,6,
0:48:35,Lift Stopped,L2,10
0:48:55,Lift Stopped,L2 ,9
0:48:55,Passenger Arrival,2,
0:49:23,Passenger Arrival,1,
0:49:43,Lift Stopped,L2,3
0:49:45,Passenger Arrival,2,
0:49:59,Enter Lift,L2,2
0:50:40,Passenger Arrival,1,
0:50:40,Button Pressed,2I10IG,
0:50:40,Lift Departure,L1,G
0:50:40,Enter Lift,L1,0
0:50:55,Passenger Arrival,1,
0:50:55,Button Pressed,5I12I4I,
0:50:55,Lift Departure,L1,4
0:51:05,Enter Lift,L1,0
0:51:07,Passenger Arrival,1,
0:51:07,Button Pressed,12U14U5U,
0:51:15,Passenger Arrival,15,
0:52:10,Passenger Arrival,1,
0:52:39,Lift Departure,L1,19
0:52:47,Lift Stopped,L1,16
0:53:24,Passenger Arrival,2,
0:53:29,Enter Lift,L1,6
0:53:45,Passenger Arrival,3,
0:53:45,Button Pressed,3D16U1I,
0:53:45,Lift Departure,L3,3
0:53:52,Lift Stopped,L3,2
0:53:55,Passenger Arrival,3,
0:54:09,Lift Stopped,L3,1
0:54:25,Enter Lift,L3,0
0:54:35,Passenger Arrival,2,
0:54:35,Button Pressed,2U19IG,
0:54:35,Lift Departure,L1,G
0:54:35,Enter Lift,L1,0
0:55:18,Passenger Arrival,6,
0:55:18,Button Pressed,6U7U16U,
0:56:10,Passenger Arrival,3,
0:57:01,Passenger Arrival,2,
0:57:08,Passenger Arrival,2,
0:57:10,Lift Departure,L3,12
0:57:17,Passenger Arrival,9,
0:57:30,Lift Stopped,L3,11
0:58:05,Lift Stopped,L3,5
0:58:31,Enter Lift,L3,9
0:58:35,Passenger Arrival,9,
0:58:35,Button Pressed,2I7I3D,
0:58:35,Lift Departure,L1,3
0:58:54,Passenger Arrival,9,
0:58:55,Enter Lift,L1,5
0:59:00,Passenger Arrival,11,
0:59:00,Button Pressed,15I21D2I,
0:59:00,Lift Departure,L2,21
0:59:55,Lift Stopped,L2,16
1:00:14,Lift Stopped,L2,9
1:00:35,Lift Stopped,L2,7
1:00:57,Lift Stopped,L2,5
1:01:11,Lift Stopped,L2,4
1:01:19,Passenger Arrival,1,
1:01:32,Passenger Arrival,1,
1:01:37,Lift Stopped,L2,3
1:01:58,Lift Stopped,L2,2
1:02:05,Passenger Arrival,1,
1:02:20,Enter Lift,L2,1
1:02:30,Passenger Arrival,2,
1:02:30,Button Pressed,20D2U13I,
1:02:30,Lift Departure,L3,20
1:02:33,Passenger Arrival,4,
1:02:38,Lift Stopped,L3,19
1:02:52,Lift Stopped,L3,18
1:03:20,Lift Stopped,L3,4
1:03:55,Passenger Arrival,2,
1:03:55,Enter Lift,L3,0
1:04:55,Passenger Arrival,2,
1:04:55,Button Pressed,5U11U21D,
1:04:55,Lift Departure,L1,21
1:05:35,Lift Stopped,L1,7
1:05:55,Passenger Arrival,2,
1:06:02,Lift Stopped,L1,4
1:06:15,Lift Stopped,L1,3
1:06:21,Passenger Arrival,2,
1:06:37,Lift Stopped,L1,2
1:06:39,Passenger Arrival,4,
1:06:55,Passenger Arrival,1,
1:06:58,Enter Lift,L1,0
1:07:35,Passenger Arrival,4,
1:07:35,Button Pressed,20I21D17I,
1:07:35,Lift Departure,L2,21
1:07:47,Lift Stopped,L2,20
1:07:55,Passenger Arrival,2,
1:08:34,Lift Stopped,L2,5
1:08:48,Passenger Arrival,2,
1:09:02,Lift Stopped,L2,3
1:09:16,Passenger Arrival,3,
1:09:25,Passenger Arrival,1,
1:09:50,Enter Lift,L2,0
1:10:10,Passenger Arrival,3,
1:10:10,Button Pressed,18I7I18D,
1:10:10,Lift Departure,L1,18
1:10:41,Lift Stopped,L1,11
1:10:54,Passenger Arrival,1,
1:11:15,Enter Lift,L1,0
1:11:35,Passenger Arrival,1,
1:11:35,Button Pressed,3D16I3I,
1:11:35,Lift Departure,L3,3
1:11:54,Enter Lift,L3,0
1:13:32,Passenger Arrival,3,
1:13:32,Button Pressed,16D22I12I,
1:13:32,Lift Departure,L3,16
1:13:45,Lift Stopped,L3,14
1:14:00,Passenger Arrival,1,
1:14:09,Lift Stopped,L3,12
1:14:15,Passenger Arrival,1,
1:14:28,Passenger Arrival,2,
1:14:32,Lift Stopped,L3,10
1:14:55,Lift Stopped,L3,6
1:15:13,Passenger Arrival,1,
1:15:25,Lift Stopped,L3,4
1:15:37,Passenger Arrival,1,
1:15:40,Passenger Arrival,1,
1:15:43,Enter Lift,L3,0
1:16:05,Passenger Arrival,2,
1:16:05,Button Pressed,3IG2I,
1:16:05,Enter Lift,L2,0
1:16:30,Passenger Arrival,2,
1:16:30,Button Pressed,16U23I6U,
1:16:30,Lift Departure,L2,23
1:17:25,Passenger Arrival,1,
1:17:35,Lift Stopped,L2,21
1:18:16,Passenger Arrival,1,
1:18:22,Lift Stopped,L2,16
1:18:32,Passenger Arrival,1,
1:18:40,Lift Stopped,L2,12
1:18:59,Passenger Arrival,1,
1:19:08,Lift Stopped,L2,4
1:19:39,Passenger Arrival,1,
1:19:45,Enter Lift,L2,0
1:19:55,Passenger Arrival,2,
1:19:55,Button Pressed,10U4U22I,
1:19:55,Lift Departure,L3,22
1:20:10,Lift Stopped,L3,18
1:20:20,Passenger Arrival,1,
1:20:31,Passenger Arrival,2,
1:20:36,Lift Stopped,L3,14
1:20:40,Lift Stopped,L3,1
1:20:45,Passenger Arrival,3,
1:20:59,Enter Lift,L3,0
1:21:55,Passenger Arrival,1,
1:22:55,Button Pressed,10U18U16U,
1:22:35,Passenger Arrival,1,
1:22:40,Passenger Arrival,3,
1:23:03,Passenger Arrival,3,
1:23:09,Passenger Arrival,3,
1:23:10,Lift Departure,L3,19
1:23:22,Lift Stopped,L3,17
1:23:28,Passenger Arrival,2,
1:23:35,Passenger Arrival,1,
1:23:46,Lift Stopped,L3,15
1:24:09,Lift Stopped,L3,10
1:24:09,Passenger Arrival,1,
1:24:25,Passenger Arrival,2,
1:24:55,Enter Lift,L3,4
1:25:20,Passenger Arrival,3,
1:25:20,Button Pressed,19I7D3I,
1:25:20,Lift Departure,L2,7
1:25:28,Lift Stopped,L2,5
1:26:00,Enter Lift,L2,0
1:26:50,Passenger Arrival,6,
1:26:50,Button Pressed,20U8U17U,
1:27:11,Passenger Arrival,1,
1:27:39,Passenger Arrival,1,
1:28:13,Lift Departure,L3,23
1:28:25,Passenger Arrival,3,
1:28:38,Lift Stopped,L3,21
1:28:57,Passenger Arrival,1,
1:29:00,Lift Stopped,L3,17
1:29:11,Passenger Arrival,3,
1:29:35,Lift Stopped,L3,14
1:29:51,Passenger Arrival,2,
1:30:00,Lift Stopped,L3,4
1:30:21,Lift Stopped,L3,2
1:30:45,Passenger Arrival,5,
1:30:46,Lift Stopped,L3,1
1:30:50,Enter Lift,L3,9
1:31:20,Passenger Arrival,4,
1:31:20,Button Pressed,7U23I4U,
1:31:20,Lift Departure,L2,23
1:31:35,Passenger Arrival,3,
1:33:15,Lift Stopped,L2,21
1:34:12,Lift Stopped,L2,20
1:34:25,Passenger Arrival,1,
1:34:39,Lift Stopped,L2,18
1:34:40,Passenger Arrival,2,
1:34:58,Lift Stopped,L2,17
1:35:18,Lift Stopped,L2,14
1:35:18,Passenger Arrival,1,
1:35:35,Passenger Arrival,1,
1:35:38,Lift Stopped,L2,9
1:35:55,Passenger Arrival,1,
1:36:15,Lift Stopped,L2,5
1:36:27,Passenger Arrival,4,
1:36:46,Enter Lift,L2,4
1:37:05,Passenger Arrival,1,
1:37:05,Button Pressed,2I4IG,
1:37:05,Enter Lift,L1,0
1:40:55,Passenger Arrival,1,
1:40:55,Button Pressed,7D7I9I,
1:40:55,Lift Departure,L3,7
1:41:15,Passenger Arrival,3,
1:41:34,Lift Stopped,L3,5
1:41:35,Passenger Arrival,2,
1:41:54,Enter Lift,L3,0
1:42:05,Passenger Arrival,3,
1:42:05,Button Pressed,3I5D2I,
1:42:05,Lift Departure,L2,5
1:42:13,Enter Lift,L2,0
1:44:18,Passenger Arrival,2,
1:44:18,Button Pressed,10I22D8D,
1:44:18,Lift Departure,L1,8
1:44:33,Lift Stopped,L1,7
1:44:55,Lift Stopped,L1,6
1:45:45,Enter Lift,L1,0
1:46:04,Passenger Arrival,6,
1:46:04,Button Pressed,G6I3I,
1:46:04,Lift Departure,L3,G
1:46:04,Enter Lift,L3,0
1:46:25,Passenger Arrival,2,
1:46:25,Button Pressed,5U6D7U,
1:46:25,Lift Departure,L2,6
1:46:33,Passenger Arrival,3,
1:46:34,Enter Lift,L2,0
1:48:19,Passenger Arrival,2,
1:48:19,Button Pressed,21I3U17U,
1:48:19,Lift Departure,L3,21
1:48:30,Passenger Arrival,1,
1:49:18,Passenger Arrival,2,
1:49:19,Enter Lift,L3,0
1:49:30,Passenger Arrival,1,
1:49:30,Button Pressed,3I10I3D,
1:49:30,Lift Departure,L1,3
1:49:46,Passenger Arrival,1,
1:49:46,Enter Lift,L1,0
1:51:28,Passenger Arrival,1,
1:51:28,Button Pressed,23I21D18I,
1:51:28,Lift Departure,L2,21
1:51:29,Lift Stopped,L2,23
1:51:55,Passenger Arrival,5,
1:52:20,Enter Lift,L2,0
1:54:23,Passenger Arrival,2,
1:54:23,Button Pressed,G3D13I20D,
1:54:34,Enter Lift,L3,0
1:55:11,Passenger Arrival,1,
1:55:11,Button Pressed,G6D13D,
1:55:15,Enter Lift,L3,1
1:55:28,Passenger Arrival,1,
1:55:28,Button Pressed,3I4D6I,
1:55:28,Lift Departure,L2,4
1:55:46,Passenger Arrival,2,
1:55:52,Lift Stopped,L2,1
1:56:09,Enter Lift,L2,0
1:56:25,Passenger Arrival,1,
1:56:25,Button Pressed,2D4I12D,
1:56:25,Lift Departure,L3,2
1:56:44,Passenger Arrival,1,
1:56:53,Lift Stopped,L3,1
1:57:01,Passenger Arrival,1,
1:57:05,Passenger Arrival,1,
1:57:10,Enter Lift,L3,0
1:57:25,Passenger Arrival,2,
1:57:25,Button Pressed,1U13U4D,
1:57:25,Lift Departure,L1,4
1:57:51,Enter Lift,L1,0
1:58:07,Passenger Arrival,1,
1:58:07,Button Pressed,8U16U6U,
1:58:12,Passenger Arrival,1,
1:58:34,Passenger Arrival,2,
1:59:02,Lift Departure,L3,14
1:59:28,Lift Stopped,L3,13
1:59:54,Lift Stopped,L3,10
2:00:10,Passenger Arrival,1,
2:00:17,Lift Stopped,L3,9
2:00:43,Passenger Arrival,1,
2:00:57,Enter Lift,L3,0
2:01:59,Passenger Arrival,1,
2:01:59,Button Pressed,11U7D15U,
2:01:59,Lift Departure,L2,7
2:02:15,Passenger Arrival,1,
2:02:24,Enter Lift,L2,0
2:03:00,Passenger Arrival,2,
2:03:00,Button Pressed,8D4U14D,
2:03:00,Lift Departure,L3,8
2:03:03,Passenger Arrival,1,
2:03:27,Enter Lift,L3,0
2:04:24,Passenger Arrival,1,
2:04:24,Button Pressed,16U23D16D,
2:04:24,Lift Departure,L1,16
2:04:54,Passenger Arrival,1,
2:05:04,Passenger Arrival,1,
2:05:15,Passenger Arrival,1,
2:05:28,Enter Lift,L1,0
2:05:35,Passenger Arrival,1,
2:05:35,Button Pressed,20I15D2U,
2:05:35,Lift Departure,L2,15
2:05:40,Passenger Arrival,1,
2:05:49,Passenger Arrival,1,
2:06:04,Lift Stopped,L2,2
2:06:04,Passenger Arrival,2,
2:06:38,Enter Lift,L2,5
2:07:44,Passenger Arrival,1,
2:07:44,Button Pressed,14D4U3D,
2:07:57,Enter Lift,L1,1
2:08:06,Passenger Arrival,2,
2:08:06,Button Pressed,4D18U1I,
2:08:06,Lift Departure,L3,4
2:08:17,Passenger Arrival,8,
2:08:36,Lift Stopped,L3,1
2:08:37,Passenger Arrival,2,
2:09:15,Enter Lift,L3,0
2:09:40,Passenger Arrival,2,
2:09:40,Button Pressed,5I12U6D,
2:09:40,Lift Departure,L1,6
2:09:54,Passenger Arrival,1,
2:09:57,Passenger Arrival,1,
2:10:11,Enter Lift,L1,0
2:10:41,Passenger Arrival,1,
2:10:41,Button Pressed,18U10D6I,
2:10:41,Lift Departure,L2,10
2:11:05,Passenger Arrival,1,
2:11:07,Enter Lift,L2,0
2:11:10,Passenger Arrival,1,
2:11:10,Button Pressed,21U4U14U,
2:11:22,Lift Departure,L3,22
2:11:29,Passenger Arrival,1,
2:11:51,Lift Stopped,L3,21
2:12:05,Passenger Arrival,1,
2:12:09,Lift Stopped,L3,17
2:12:14,Passenger Arrival,1,
2:12:30,Lift Stopped,L3,16
2:13:03,Lift Stopped,L3,5
2:13:21,Lift Stopped,L3,4
2:14:01,Enter Lift,L3,0
2:14:50,Passenger Arrival,1,
2:14:50,Button Pressed,16U20DG,
2:14:50,Lift Departure,L1,G
2:14:57,Passenger Arrival,1,
2:15:06,Enter Lift,L1,0
2:16:06,Passenger Arrival,7,
2:16:06,Button Pressed,17UG2U,
2:16:06,Lift Departure,L2,G
2:16:06,Enter Lift,L2,0
2:17:39,Passenger Arrival,1,
2:17:39,Button Pressed,G21U18D,
2:17:39,Lift Departure,L3,G
2:17:39,Enter Lift,L3,0
2:17:54,Passenger Arrival,1,
2:17:54,Button Pressed,2U16U5D,
2:17:54,Lift Departure,L1,5
2:18:10,Passenger Arrival,1,
2:18:29,Enter Lift,L1,0
2:18:55,Passenger Arrival,2,
2:18:55,Button Pressed,20D22U3U,
2:18:55,Lift Departure,L3,20
2:18:58,Passenger Arrival,2,
2:19:03,Passenger Arrival,1,
2:19:37,Enter Lift,L3,0
2:20:38,Passenger Arrival,1,
2:20:38,Button Pressed,12U10D17U,
2:20:38,Lift Departure,L2,10
2:21:10,Enter Lift,L2,0
2:21:30,Passenger Arrival,1,
2:21:30,Button Pressed,23D2U2D,
2:21:30,Lift Departure,L1,2
2:21:34,Passenger Arrival,2,
2:21:51,Enter Lift,L1,0
2:22:17,Passenger Arrival,1,
2:22:17,Button Pressed,12D7I12U,
2:22:17,Lift Departure,L3,12
2:22:38,Passenger Arrival,2,
2:22:59,Lift Stopped,L3,10
2:23:34,Enter Lift,L3,0
2:24:47,Passenger Arrival,3,
2:24:47,Button Pressed,2U13DG,
2:24:47,Lift Departure,L1,G
2:24:47,Enter Lift,L1,0
2:26:31,Passenger Arrival,1,
2:26:31,Button Pressed,15DG13D,
2:26:31,Enter Lift,L2,1
2:27:12,Passenger Arrival,2,
2:27:12,Button Pressed,2D14U10D,
2:27:22,Enter Lift,L3,0
2:27:31,Passenger Arrival,4,
2:27:31,Button Pressed,1U20U1D,
2:27:31,Lift Departure,L1,1
2:27:46,Enter Lift,L1,0
2:29:05,Passenger Arrival,1,
2:29:05,Button Pressed,5I5D23U,
2:29:05,Lift Departure,L2,5
2:29:18,Passenger Arrival,2,
2:29:23,Lift Stopped,L2,2
2:29:38,Passenger Arrival,1,
2:29:41,Enter Lift,L2,0
2:30:53,Passenger Arrival,3,
2:30:53,Button Pressed,3U9UG,
2:30:53,Lift Departure,L1,G
2:31:00,Passenger Arrival,1,
2:31:07,Enter Lift,L1,0
2:32:16,Passenger Arrival,1,
2:32:16,Button Pressed,5D16U17U,
2:32:16,Lift Departure,L3,5
2:32:28,Lift Stopped,L3,1
2:32:35,Enter Lift,L3,0
2:32:49,Passenger Arrival,3,
2:32:49,Button Pressed,1U13D23I,
2:32:49,Lift Departure,L2,13
2:33:01,Passenger Arrival,2,
2:33:07,Lift Stopped,L2,8
2:33:36,Enter Lift,L2,0
2:34:33,Passenger Arrival,7,
2:34:33,Button Pressed,22D8U4D,
2:34:33,Lift Departure,L1,4
2:34:38,Passenger Arrival,5,
2:34:57,Passenger Arrival,2,
2:34:57,Enter Lift,L1,1
2:35:37,Passenger Arrival,4,
2:35:37,Button Pressed,2U17U4U,
2:35:48,Lift Departure,L3,7
2:36:12,Lift Stopped,L3,2
2:36:31,Passenger Arrival,1,
2:36:31,Enter Lift,L3,0
2:37:06,Passenger Arrival,3,
2:37:06,Button Pressed,1I18D19U,
2:37:06,Lift Departure,L2,18
2:37:30,Lift Stopped,L2,11
2:37:39,Passenger Arrival,3,
2:37:58,Lift Stopped,L2,6
2:38:10,Passenger Arrival,2,
2:38:18,Passenger Arrival,4,
2:38:22,Enter Lift,L2,0
2:38:53,Passenger Arrival,3,
2:38:53,Button Pressed,16U1I6D,
2:38:53,Lift Departure,L1,6
2:39:15,Lift Stopped,L1,2
2:39:21,Passenger Arrival,3,
2:39:33,Passenger Arrival,1,
2:39:33,Enter Lift,L1,0
2:39:56,Passenger Arrival,1,
2:39:56,Button Pressed,17D13U1I,
2:39:56,Lift Departure,L3,17
2:40:02,Passenger Arrival,1,
2:40:07,Lift Stopped,L3,16
2:40:36,Lift Stopped,L3,6
2:40:52,Lift Stopped,L3,4
2:41:25,Lift Stopped,L3,1
2:41:50,Passenger Arrival,1,
2:41:50,Enter Lift,L3,0
2:43:08,Passenger Arrival,2,
2:43:08,Button Pressed,16U1I12D,
2:43:08,Lift Departure,L1,12
2:43:26,Passenger Arrival,1,
2:43:30,Lift Stopped,L1,5
2:43:33,Passenger Arrival,2,
2:43:55,Passenger Arrival,1,
2:43:58,Passenger Arrival,2,
2:44:00,Enter Lift,L1,0
2:44:27,Passenger Arrival,3,
2:44:27,Button Pressed,11D7D3I,
2:44:27,Lift Departure,L2,7
2:44:32,Passenger Arrival,1,
2:44:35,Passenger Arrival,1,
2:44:56,Lift Stopped,L2,1
2:45:05,Passenger Arrival,1,
2:45:05,Enter Lift,L2,0
2:45:38,Passenger Arrival,1,
2:45:38,Button Pressed,4U5U16U,
2:45:50,Lift Departure,L3,6
2:46:20,Passenger Arrival,2,
2:46:20,Enter Lift,L3,0
2:46:33,Passenger Arrival,2,
2:46:33,Button Pressed,1U9U23U,
2:46:37,Passenger Arrival,1,
2:46:44,Lift Departure,L1,23
2:47:03,Lift Stopped,L1,22
2:47:11,Passenger Arrival,1,
2:47:23,Passenger Arrival,1,
2:47:30,Lift Stopped,L1,19
2:48:03,Lift Stopped,L1,5
2:49:09,Lift Stopped,L1,2
2:49:14,Passenger Arrival,2,
2:49:20,Passenger Arrival,1,
2:49:36,Enter Lift,L1,0
2:49:53,Passenger Arrival,6,
2:49:53,Button Pressed,7D1I6I,
2:49:53,Lift Departure,L3,7
2:50:33,Enter Lift,L3,0
2:50:56,Passenger Arrival,1,
2:50:56,Button Pressed,4I12U16D,
2:50:56,Lift Departure,L1,16
2:51:09,Passenger Arrival,1,
2:51:10,Lift Stopped,L1,13
2:51:30,Lift Stopped,L1,12
2:51:55,Passenger Arrival,1,
2:52:05,Passenger Arrival,1,
2:52:08,Passenger Arrival,1,
2:52:08,Enter Lift,L1,0
2:52:29,Passenger Arrival,1,
2:52:29,Button Pressed,20D14D3U,
2:52:29,Lift Departure,L2,14
2:52:49,Passenger Arrival,2,
2:52:53,Passenger Arrival,1,
2:52:59,Passenger Arrival,1,
2:52:59,Enter Lift,L2,0
2:53:35,Lift Stopped,L3,12
2:54:18,Lift Stopped,L3,2
2:54:24,Lift Departure,L1,23
2:54:38,Passenger Arrival,1,
2:54:38,Button Pressed,G14U21D,
2:54:38,Lift Departure,L3,G
2:54:38,Enter Lift,L3,0
2:55:41,Passenger Arrival,2,
2:55:41,Button Pressed,13I14D22D,
2:55:41,Lift Departure,L2,14
2:56:48,Enter Lift,L2,0
2:57:42,Passenger Arrival,2,
2:57:42,Button Pressed,11I10D15D,
2:57:42,Lift Departure,L2,10
2:58:14,Passenger Arrival,1,
2:58:40,Passenger Arrival,1,
2:58:42,Enter Lift,L2,0
2:58:58,Passenger Arrival,5,
2:58:58,Button Pressed,G3U4U,
2:58:58,Lift Departure,L3,G
2:58:58,Enter Lift,L3,0
2:59:57,Passenger Arrival,3,
2:59:57,Button Pressed,13U4D9I,
2:59:57,Lift Departure,L2,4
3:00:11,Passenger Arrival,1,
3:00:21,Enter Lift,L2,0
3:00:57,Passenger Arrival,1,
3:00:57,Button Pressed,12D16IG,
3:00:57,Lift Departure,L1,G
3:00:57,Enter Lift,L1,0
3:01:26,Passenger Arrival,1,
3:01:26,Button Pressed,3D22I12I,
3:01:26,Lift Departure,L3,3
3:01:31,Passenger Arrival,2,
3:01:48,Enter Lift,L3,0
3:01:58,Passenger Arrival,1,
3:01:58,Button Pressed,2I20D11D,
3:01:58,Lift Departure,L1,11
3:02:01,Passenger Arrival,2,
3:02:22,Passenger Arrival,1,
3:02:36,Lift Stopped,L1,1
3:02:55,Passenger Arrival,1,
3:03:07,Passenger Arrival,1,
3:03:08,Enter Lift,L1,0
3:03:31,Passenger Arrival,2,
3:03:31,Button Pressed,18I8D3I,
3:03:31,Lift Departure,L2,8
3:03:35,Passenger Arrival,2,
3:03:49,Lift Stopped,L2,3
3:04:00,Passenger Arrival,1,
3:04:11,Lift Stopped,L2,2
3:04:38,Enter Lift,L2,0
3:05:18,Passenger Arrival,1,
3:05:18,Button Pressed,G6U14U,
3:05:18,Lift Departure,L3,G
3:05:18,Enter Lift,L3,0
3:05:25,Passenger Arrival,4,
3:05:29,Button Pressed,1U8U16U,
3:05:58,Lift Departure,L3,3
3:06:16,Enter Lift,L3,0
3:06:19,Passenger Arrival,3,
3:06:19,Button Pressed,1U22U20U,
3:06:28,Passenger Arrival,2,
3:06:30,Lift Departure,L2,23
3:07:02,Lift Stopped,L2,21
3:07:19,Lift Stopped,L2,18
3:07:19,Passenger Arrival,2,
3:07:39,Passenger Arrival,1,
3:07:48,Lift Stopped,L2,16
3:08:20,Lift Stopped,L2,9
3:08:50,Lift Stopped,L2,3
3:09:08,Passenger Arrival,1,
3:09:17,Enter Lift,L2,0
3:09:33,Passenger Arrival,2,
3:09:33,Button Pressed,6U3U4U,
3:10:18,Passenger Arrival,2,
3:10:25,Lift Departure,L2,22
3:10:58,Passenger Arrival,1,
3:11:14,Lift Stopped,L2,17
3:11:29,Passenger Arrival,1,
3:11:49,Passenger Arrival,1,
3:11:58,Lift Stopped,L2,1
3:11:59,Passenger Arrival,1,
3:12:06,Passenger Arrival,2,
3:12:10,Passenger Arrival,1,
3:12:24,Passenger Arrival,2,
3:12:30,Enter Lift,L2 ,0
3:13:13,Passenger Arrival,3,
3:13:13,Button Pressed,8U13U8U,
3:13:20,Passenger Arrival,2,
3:13:53,Passenger Arrival,1,
3:13:54,Lift Departure,L2,19
3:14:23,Lift Stopped,L2,17
3:14:51,Lift Stopped,L2,12
3:15:24,Lift Stopped,L2,2
3:15:54,Passenger Arrival,1,
3:16:00,Enter Lift,L2 ,0
3:16:56,Passenger Arrival,1,
3:16:56,Button Pressed,3U5UG,
3:16:56,Lift Departure,L1,G
3:16:56,Enter Lift,L1,1
3:17:26,Passenger Arrival,1,
3:17:26,Button Pressed,5U8U12U,
3:17:28,Passenger Arrival,2,
3:18:08,Lift Departure,L1,18
3:18:21,Passenger Arrival,1,
3:18:28,Passenger Arrival,2,
3:18:50,Lift Stopped,L1,12
3:18:52,Passenger Arrival,2,
3:18:59,Passenger Arrival,2,
3:19:17,Lift Stopped,L1,10
3:19:30,Lift Stopped,L1,5
3:20:06,Enter Lift,L1,0
3:20:16,Passenger Arrival,1,
3:20:16,Button Pressed,19DG2U,
3:20:16,Lift Departure,L2,G
3:20:16,Enter Lift,L2,0
3:20:56,Passenger Arrival,1,
3:20:56,Button Pressed,12D10I14I,
3:20:56,Lift Departure,L3,12
3:21:00,Passenger Arrival,1,
3:21:16,Passenger Arrival,1,
3:21:30,Enter Lift,L3,0
3:22:00,Passenger Arrival,1,
3:22:00,Button Pressed,1I15U21D,
3:22:00,Lift Departure,L1,21
3:22:27,Lift Stopped,L1,16
3:22:49,Lift Stopped,L1,12
3:23:11,Passenger Arrival,2,
3:23:12,Lift Stopped,L1,11
3:23:26,Passenger Arrival,2,
3:23:42,Lift Stopped,L1,10
3:23:50,Passenger Arrival,1,
3:23:55,Passenger Arrival,1,
3:24:00,Lift Stopped,L1,5
3:24:00,Passenger Arrival,4,
3:24:14,Passenger Arrival,1,
3:24:22,Lift Stopped,L1,2
3:24:55,Enter Lift,L1,0
3:25:12,Passenger Arrival,2,
3:25:12,Button Pressed,22U17D1I,
3:25:12,Lift Departure,L3,17
3:25:21,Passenger Arrival,2,
3:25:23,Lift Departure,L3,23
3:25:36,Passenger Arrival,2,
3:26:13,Lift Stopped,L3,10
3:26:15,Passenger Arrival,1,
3:26:45,Lift Stopped,L3,5
3:26:56,Passenger Arrival,1,
3:27:00,Lift Stopped,L3,3
3:27:31,Enter Lift,L3,0
3:27:59,Passenger Arrival,1,
3:27:59,Button Pressed,1U1U21U,
3:28:00,Passenger Arrival,1,
3:28:42,Passenger Arrival,4,
3:28:45,Lift Departure,L1,23
3:29:29,Passenger Arrival,3,
3:29:37,Lift Stopped,L1,17
3:30:31,Enter Lift,L1,0
3:30:41,Passenger Arrival,1,
3:30:41,Button Pressed,20U14D1I,
3:30:41,Lift Departure,L2,14
3:30:45,Passenger Arrival,2,
3:30:49,Passenger Arrival,1,
3:31:03,Passenger Arrival,1,
3:31:13,Lift Stopped,L2,12
3:31:15,Passenger Arrival,1,
3:31:40,Passenger Arrival,1,
3:31:56,Passenger Arrival,1,
3:31:58,Enter Lift,L2,0
3:32:18,Passenger Arrival,1,
3:32:18,Button Pressed,11D1I8I,
3:32:18,Lift Departure,L3,11
3:32:33,Passenger Arrival,3,
3:32:59,Passenger Arrival,1,
3:33:07,Passenger Arrival,1,
3:33:13,Enter Lift,L3,0
3:33:17,Passenger Arrival,1,
3:33:17,Button Pressed,1U4U16U,
3:33:42,Passenger Arrival,3,
3:33:45,Passenger Arrival,1,
3:33:58,Passenger Arrival,1,
3:33:59,Passenger Arrival,1,
3:34:31,Passenger Arrival,4,
3:35:34,Passenger Arrival,1,
3:35:36,Lift Departure,L3,17
3:36:01,Passenger Arrival,1,
3:36:41,Enter Lift,L3,0
3:36:56,Passenger Arrival,1,
3:36:56,Button Pressed,1U20D3U,
3:36:56,Lift Departure,L2,20
3:36:58,Passenger Arrival,2,
3:37:00,Passenger Arrival,3,
3:37:09,Passenger Arrival,1,
3:37:58,Lift Stopped,L2,11
3:38:02,Passenger Arrival,1,
3:38:21,Lift Stopped,L2,10
3:38:50,Lift Stopped,L2,7
3:39:14,Passenger Arrival,5,
3:39:15,Lift Stopped,L2,6
3:39:37,Lift Stopped,L2,2
3:39:51,Passenger Arrival,2,
3:39:57,Passenger Arrival,1,
3:40:28,Enter Lift,L2,3
3:40:53,Passenger Arrival,1,
3:40:53,Button Pressed,2U2U5U,
3:41:32,Passenger Arrival,2,
3:41:36,Lift Departure,L3,22
3:41:47,Passenger Arrival,1,
3:41:59,Lift Stopped,L3,20
3:42:04,Passenger Arrival,1,
3:42:21,Lift Stopped,L3,7
3:42:27,Passenger Arrival,3,
3:42:51,Lift Stopped,L3,5
3:43:01,Passenger Arrival,2,
3:43:26,Enter Lift,L3,0
3:43:46,Passenger Arrival,2,
3:43:46,Button Pressed,5U4UG,
3:43:46,Lift Departure,L1 ,G
3:44:35,Passenger Arrival,2,
3:44:35,Button Pressed,14U15U15U,
3:45:11,Lift Departure,L2,17
3:45:38,Lift Stopped,L2,4
3:46:11,Lift Stopped,L2,2
3:46:33,Enter Lift,L2,0
3:47:10,Passenger Arrival,1,
3:47:10,Button Pressed,17D2U1D,
3:47:10,Lift Departure,L1,1
3:47:12,Passenger Arrival,1,
3:47:20,Passenger Arrival,1,
3:47:20,Enter Lift,L1,0
3:48:49,Passenger Arrival,3,
3:48:49,Button Pressed,12D5I20U,
3:48:49,Lift Departure,L3,12
3:49:13,Passenger Arrival,1,
3:49:33,Enter Lift,L3,0
3:49:43,Passenger Arrival,2,
3:49:43,Button Pressed,2I20U16D,
3:49:43,Lift Departure,L1,16
3:49:51,Passenger Arrival,1,
3:49:52,Lift Stopped,L1,14
3:50:10,Passenger Arrival,2,
3:50:33,Passenger Arrival,1,
3:50:38,Passenger Arrival,2,
3:50:42,Enter Lift,L1,0
3:51:05,Passenger Arrival,2,
3:51:05,Button Pressed,8U16D12U,
3:51:05,Lift Departure,L2,16
3:51:08,Passenger Arrival,1,
3:51:37,Lift Stopped,L2,7
3:51:51,Passenger Arrival,6,
3:52:05,Lift Stopped,L2,4
3:52:14,Passenger Arrival,1,
3:52:33,Passenger Arrival,1,
3:52:36,Lift Stopped,L2,1
3:53:03,Passenger Arrival,1,
3:53:03,Enter Lift,L2,0
3:53:40,Passenger Arrival,1,
3:53:40,Button Pressed,21D2U6U,
3:53:40,Lift Departure,L3,21
3:53:43,Passenger Arrival,1,
3:53:55,Lift Stopped,L3,16
3:54:06,Passenger Arrival,1,
3:54:27,Passenger Arrival,2,
3:54:33,Lift Stopped,L3,1
3:55:02,Enter Lift,L3,0
3:55:35,Passenger Arrival,2,
3:55:35,Button Pressed,2U16U15D,
3:55:35,Lift Departure,L1,15
3:55:58,Passenger Arrival,3,
3:56:05,Lift Stopped,L1,14
3:56:12,Passenger Arrival,3,
3:56:18,Passenger Arrival,1,
3:56:21,Lift Stopped,L1,11
3:56:21,Passenger Arrival,2,
3:56:44,Passenger Arrival,1,
3:56:46,Lift Stopped,L1,10
3:56:57,Lift Stopped,L1,9
3:57:20,Lift Stopped,L1,7
3:57:21,Passenger Arrival,1,
3:57:29,Passenger Arrival,1,
3:57:42,Passenger Arrival,3,
3:57:45,Lift Stopped,L1,5
3:58:10,Passenger Arrival,1,
3:58:32,Enter Lift,L1,0
3:58:44,Passenger Arrival,1,
3:58:44,Button Pressed,15D10D2U,
3:58:44,Lift Departure,L2,10
3:58:45,Passenger Arrival,1,
3:58:55,Passenger Arrival,3,
3:59:00,Lift Stopped,L2,8
3:59:41,Enter Lift,L2,0
4:00:40,Passenger Arrival,2,
4:00:40,Button Pressed,12U15U16U,
4:00:45,Passenger Arrival,1,
4:01:27,Lift Departure,L3,19
4:01:39,Passenger Arrival,1,
4:01:40,Lift Stopped,L3,18
4:01:58,Passenger Arrival,1,
4:02:05,Lift Stopped,L3,10
4:02:14,Passenger Arrival,1,
4:02:45,Lift Stopped,L3,2
4:03:15,Enter Lift,L3,0
4:03:37,Passenger Arrival,2,
4:03:37,Button Pressed,5U1U2U,
4:03:58,Passenger Arrival,2,
4:04:54,Lift Departure,L3,23
4:05:01,Passenger Arrival,1,
4:05:23,Lift Stopped,L3,23
4:05:33,Passenger Arrival,2,
4:05:42,Lift Stopped,L3,21
4:06:07,Lift Stopped,L3,20
4:06:23,Passenger Arrival,1,
4:06:31,Lift Stopped,L3,18
4:06:45,Passenger Arrival,2,
4:06:51,Lift Stopped,L3,12
4:06:56,Passenger Arrival,4,
4:07:39,Enter Lift,L3,2
4:08:12,Passenger Arrival,1,
4:08:12,Button Pressed,2U6U4U,
4:08:15,Passenger Arrival,1,
4:08:36,Passenger Arrival,1,
4:09:14,Lift Departure,L2,19
4:09:32,Passenger Arrival,2,
4:09:39,Lift Stopped,L2,17
4:10:01,Passenger Arrival,2,
4:10:05,Lift Stopped,L2,14
4:10:37,Lift Stopped,L2,7
4:10:51,Passenger Arrival,1,
4:10:59,Lift Stopped,L2,3
4:11:17,Passenger Arrival,1,
4:11:29,Enter Lift,L2 ,0
4:11:46,Passenger Arrival,1,
4:11:46,Button Pressed,1U1U1U,
4:12:01,Passenger Arrival,1,
4:12:13,Passenger Arrival,1,
4:12:18,Passenger Arrival,1,
4:12:51,Passenger Arrival,2,
4:13:03,Passenger Arrival,1,
4:13:32,Lift Departure,L2,22
4:14:04,Passenger Arrival,1,
4:14:17,Lift Stopped,L2,19
4:14:26,Passenger Arrival,2,
4:14:39,Lift Stopped,L2,16
4:14:58,Passenger Arrival,1,
4:15:14,Passenger Arrival,1,
4:15:17,Lift Stopped,L2,10
4:15:25,Passenger Arrival,1,
4:15:43,Passenger Arrival,3,
4:16:19,Enter Lift,L2,3
4:16:52,Passenger Arrival,2,
4:16:52,Button Pressed,3U2U1U,
4:16:55,Passenger Arrival,3,
4:17:48,Passenger Arrival,3,
4:18:06,Passenger Arrival,5,
4:18:09,Passenger Arrival,1,
4:18:34,Passenger Arrival,3,
4:18:42,Passenger Arrival,1,
4:18:46,Passenger Arrival,1,
4:18:56,Passenger Arrival,1,
4:19:08,Lift Departure,L3,23
4:19:41,Lift Stopped,L3,20
4:19:57,Passenger Arrival,2,
4:20:03,Passenger Arrival,2,
4:20:05,Lift Stopped,L3,13
4:20:37,Lift Stopped,L3,7
4:20:53,Passenger Arrival,1,
4:20:59,Lift Stopped,L3,1
4:21:24,Passenger Arrival,1,
4:21:26,Enter Lift,L3,13
4:22:00,Passenger Arrival,3,
4:22:00,Button Pressed,1U3U3U,
4:22:03,Passenger Arrival,1,
4:22:42,Passenger Arrival,1,
4:23:20,Passenger Arrival,2,
4:23:36,Passenger Arrival,1,
4:24:02,Passenger Arrival,8,
4:24:16,Passenger Arrival,5,
4:24:24,Lift Departure,L2,20
4:24:40,Passenger Arrival,8,
4:24:58,Lift Stopped,L2,16
4:25:44,Lift Stopped,L2,13
4:25:51,Passenger Arrival,2,
4:26:14,Lift Stopped,L2,12
4:26:18,Passenger Arrival,2,
4:27:01,Passenger Arrival,1,
4:27:33,Enter Lift,L2,11
4:29:51,Passenger Arrival,1,
4:29:51,Button Pressed,2U14U12U,
4:30:07,Passenger Arrival,3,
4:30:15,Passenger Arrival,2,
4:30:20,Passenger Arrival,3,
4:30:23,Passenger Arrival,2,
4:30:53,Lift Departure,L2,22
4:30:53,Passenger Arrival,1,
4:31:00,Passenger Arrival,2,
4:31:16,Passenger Arrival,1,
4:31:41,Lift Stopped,L2,18
4:32:04,Lift Stopped,L2,14
4:32:30,Lift Stopped,L2,11
4:32:52,Lift Stopped,L2,8
4:32:56,Passenger Arrival,1,
4:33:14,Lift Stopped,L2,6
4:33:35,Lift Stopped,L2,4
4:33:55,Passenger Arrival,4,
4:34:11,Lift Stopped,L2,2
4:34:40,Enter Lift,L2,7
4:35:19,Passenger Arrival,3,
4:35:19,Button Pressed,19D2U2I,
4:35:19,Lift Departure,L3,19
4:35:28,Passenger Arrival,1,
4:35:37,Passenger Arrival,1,
4:35:43,Passenger Arrival,2,
4:35:46,Lift Stopped,L3,18
4:35:58,Passenger Arrival,1,
4:36:06,Lift Stopped,L3,15
4:36:37,Lift Stopped,L3,12
4:37:01,Lift Stopped,L3,10
4:37:14,Passenger Arrival,1,
4:37:16,Lift Stopped,L3,9
4:37:31,Lift Stopped,L3,8
4:37:42,Passenger Arrival,1,
4:37:58,Lift Stopped,L3,3
4:38:38,Enter Lift,L3,0
4:38:55,Passenger Arrival,1,
4:38:55,Button Pressed,1I20D16D,
4:38:55,Lift Departure,L1,16
4:39:01,Passenger Arrival,1,
4:39:24,Lift Stopped,L1,9
4:39:37,Lift Stopped,L1,7
4:39:45,Lift Stopped,L1,4
4:40:05,Lift Stopped,L1,3
4:40:26,Passenger Arrival,1,
4:40:39,Enter Lift,L1,0
4:40:59,Passenger Arrival,1,
4:40:59,Button Pressed,12U1U2U,
4:41:02,Passenger Arrival,1,
4:41:30,Passenger Arrival,2,
4:42:27,Passenger Arrival,1,
4:42:32,Passenger Arrival,1,
4:42:42,Passenger Arrival,2,
4:43:30,Lift Departure,L3,23
4:43:58,Lift Stopped,L3,23
4:44:14,Passenger Arrival,2,
4:44:21,Lift Stopped,L3,21
4:44:22,Passenger Arrival,1,
4:44:38,Passenger Arrival,2,
4:44:47,Lift Stopped,L3,14
4:45:18,Passenger Arrival,2,
4:45:35,Passenger Arrival,3,
4:45:37,Enter Lift,L3,5
4:46:20,Passenger Arrival,3,
4:46:20,Button Pressed,2U1U2U,
4:46:23,Passenger Arrival,2,
4:47:06,Passenger Arrival,2,
4:47:50,Passenger Arrival,1,
4:47:58,Passenger Arrival,1,
4:48:19,Passenger Arrival,1,
4:48:22,Passenger Arrival,1,
4:48:43,Lift Departure,L1,22
4:48:46,Passenger Arrival,1,
4:48:53,Passenger Arrival,1,
4:48:57,Lift Stopped,L1,21
4:49:10,Passenger Arrival,6,
4:49:22,Lift Stopped,L1,20
4:49:36,Lift Stopped,L1,18
4:49:38,Passenger Arrival,2,
4:49:58,Passenger Arrival,2,
4:50:05,Lift Stopped,L1,14
4:50:20,Passenger Arrival,1,
4:50:27,Lift Stopped,L1,11
4:50:30,Passenger Arrival,2,
4:50:38,Passenger Arrival,3,
4:50:49,Passenger Arrival,1,
4:51:06,Lift Stopped,L1,7
4:51:12,Passenger Arrival,1,
4:51:18,Lift Stopped,L1,3
4:51:29,Passenger Arrival,3,
4:51:45,Passenger Arrival,1,
4:51:59,Lift Stopped,L1,1
4:52:08,Passenger Arrival,3,
4:52:25,Enter Lift,L1,25
4:52:53,Passenger Arrival,5,
4:52:53,Button Pressed,3U4U6U,
4:53:28,Passenger Arrival,3,
4:53:36,Passenger Arrival,1,
4:53:57,Passenger Arrival,1,
4:55:15,Lift Departure,L3,15
4:55:33,Passenger Arrival,1,
4:55:38,Passenger Arrival,2,
4:55:39,Lift Stopped,L3,13
4:55:47,Lift Stopped,L3,12
4:56:09,Lift Stopped,L3,10
4:56:36,Passenger Arrival,1,
4:56:42,Passenger Arrival,2,
4:57:05,Lift Stopped,L3,4
4:57:13,Passenger Arrival,1,
4:57:49,Enter Lift,L3,4
4:58:12,Passenger Arrival,1,
4:58:12,Button Pressed,4U4U2U,
4:58:16,Passenger Arrival,2,
4:58:20,Passenger Arrival,1,
4:58:50,Passenger Arrival,1,
4:59:12,Passenger Arrival,1,
4:59:16,Lift Departure,L3,23
4:59:20,Passenger Arrival,2,
4:59:38,Lift Stopped,L3,21
4:59:38,Passenger Arrival,3,
4:59:51,Lift Departure,L2,20
4:59:56,Lift Departure,L1,18
5:00:00,Passenger Arrival,1,
5:00:17,Lift Stopped,L3,12
5:00:49,Lift Stopped,L3,5
5:00:57,Passenger Arrival,2,
5:01:15,Enter Lift,L3,1
5:02:19,Passenger Arrival,1,
5:02:19,Button Pressed,20U6U10U,
5:02:28,Passenger Arrival,2,
5:02:31,Passenger Arrival,3,
5:02:34,Passenger Arrival,1,
5:02:39,Passenger Arrival,2,
5:02:41,Lift Departure,L3,23
5:03:06,Passenger Arrival,1,
5:03:11,Delayed,2,
5:03:23,Passenger Arrival,2,
5:03:25,Lift Stopped,L3,18
5:03:37,Passenger Arrival,2,
5:03:42,Passenger Arrival,1,
5:03:46,Passenger Arrival,1,
5:03:52,Lift Stopped,L3,17
5:04:04,Passenger Arrival,2,
5:04:07,Passenger Arrival,2,
5:04:25,Enter Lift,L3,9
5:04:57,Passenger Arrival,2,
5:04:57,Button Pressed,4U3D1D,
5:04:57,Lift Departure,L1,1
5:05:07,Passenger Arrival,6,
5:05:12,Enter Lift,L1,0
5:05:55,Passenger Arrival,1,
5:05:55,Button Pressed,13U15U8U,
5:05:57,Passenger Arrival,3,
5:06:04,Passenger Arrival,1,
5:06:08,Passenger Arrival,2,
5:06:13,Passenger Arrival,2,
5:06:55,Passenger Arrival,1,
5:07:04,Lift Departure,L2,20
5:07:18,Lift Stopped,L2,16
5:07:49,Passenger Arrival,2,
5:07:52,Lift Stopped,L2,8
5:07:55,Passenger Arrival,1,
5:08:08,Passenger Arrival,1,
5:08:28,Enter Lift,L2,1
5:08:47,Passenger Arrival,4,
5:08:47,Button Pressed,G3U1D,
5:08:47,Lift Departure,L3,G
5:08:47,Enter Lift,L3,0
5:09:07,Passenger Arrival,1,
5:09:07,Button Pressed,2U1U3U,
5:09:25,Passenger Arrival,2,
5:10:01,Passenger Arrival,4,
5:11:00,Passenger Arrival,1,
5:11:15,Passenger Arrival,1,
5:11:29,Lift Departure,L2,18
5:11:57,Lift Stopped,L2,14
5:12:05,Passenger Arrival,1,
5:12:11,Passenger Arrival,2,
5:12:14,Passenger Arrival,2,
5:12:21,Lift Stopped,L2,12
5:12:26,Passenger Arrival,3,
5:12:39,Passenger Arrival,3,
5:12:49,Lift Stopped,L2,4
5:12:49,Passenger Arrival,1,
5:13:14,Lift Stopped,L2,1
5:13:17,Passenger Arrival,1,
5:13:38,Enter Lift,L2,10
5:14:36,Passenger Arrival,2,
5:14:36,Button Pressed,13D7I8U,
5:14:36,Lift Departure,L3,13
5:14:52,Lift Stopped,L3,12
5:15:13,Lift Stopped,L3,10
5:15:20,Passenger Arrival,3,
5:15:34,Lift Stopped,L3,9
5:15:57,Lift Stopped,L3,8
5:16:03,Passenger Arrival,4,
5:16:14,Passenger Arrival,2,
5:16:19,Lift Stopped,L3,7
5:16:37,Lift Stopped,L3,6
5:16:37,Passenger Arrival,3,
5:17:03,Lift Stopped,L3,3
5:17:25,Lift Stopped,L3,1
5:17:25,Passenger Arrival,1,
5:17:49,Enter Lift,L3,2
5:19:10,Passenger Arrival,3,
5:19:10,Button Pressed,12I2D8I,
5:19:10,Lift Departure,L2,2
5:19:12,Passenger Arrival,1,
5:19:22,Lift Stopped,L2,1
5:19:41,Passenger Arrival,2,
5:19:49,Enter Lift,L2,0
5:20:06,Passenger Arrival,1,
5:20:06,Button Pressed,15U2U13U,
5:20:13,Passenger Arrival,1,
5:20:27,Passenger Arrival,1,
5:20:38,Passenger Arrival,1,
5:20:45,Passenger Arrival,2,
5:20:47,Lift Departure,L3,23
5:21:07,Lift Stopped,L3,22
5:21:30,Lift Stopped,L3,21
5:21:30,Passenger Arrival,2,
5:21:44,Passenger Arrival,2,
5:22:05,Passenger Arrival,3,
5:22:16,Passenger Arrival,8,
5:22:44,Enter Lift,L3,8
5:23:16,Passenger Arrival,3,
5:23:16,Button Pressed,4UG2U,
5:23:16,Lift Departure,L2 ,G
5:23:16,Enter Lift,L2,3
5:24:03,Passenger Arrival,1,
5:24:03,Button Pressed,5U3U10U,
5:24:11,Passenger Arrival,2,
5:24:16,Passenger Arrival,2,
5:24:52,Passenger Arrival,3,
5:25:19,Passenger Arrival,3,
5:25:23,Lift Departure,L2,23
5:25:32,Passenger Arrival,5,
5:25:51,Lift Stopped,L2,23
5:26:07,Passenger Arrival,3,
5:26:22,Passenger Arrival,1,
5:26:29,Passenger Arrival,1,
5:26:33,Lift Stopped,L2,12
5:26:56,Enter Lift,L2,8
5:27:34,Passenger Arrival,1,
5:27:34,Button Pressed,14D4U1D,
5:27:41,Passenger Arrival,3,
5:27:47,Enter Lift,L1,0
5:28:12,Passenger Arrival,7,
5:28:12,Button Pressed,4D7U4U,
5:28:12,Lift Departure,L3,4
5:28:59,Passenger Arrival,2,
5:29:02,Enter Lift,L3,0
5:29:13,Passenger Arrival,1,
5:29:13,Button Pressed,3U12U16U,
5:29:20,Passenger Arrival,1,
5:30:21,Passenger Arrival,1,
5:30:29,Lift Departure,L2,23
5:30:38,Passenger Arrival,1,
5:30:45,Passenger Arrival,1,
5:30:54,Lift Stopped,L2,20
5:31:17,Passenger Arrival,1,
5:31:29,Lift Stopped,L2,15
5:31:33,Passenger Arrival,1,
5:31:39,Passenger Arrival,1,
5:32:01,Passenger Arrival,1,
5:32:07,Enter Lift,L2,0
5:32:50,Passenger Arrival,1,
5:33:05,Button Pressed,9U13U7U,
5:33:08,Passenger Arrival,1,
5:33:23,Passenger Arrival,2,
5:33:37,Lift Departure,L3,20
5:33:48,Passenger Arrival,3,
5:33:58,Lift Stopped,L3,15
5:34:19,Lift Stopped,L3,14
5:34:38,Passenger Arrival,2,
5:34:46,Passenger Arrival,1,
5:35:13,Passenger Arrival,5,
5:35:41,Enter Lift,L3,2
5:36:00,Passenger Arrival,3,
5:36:00,Button Pressed,4U22D6U,
5:36:00,Lift Departure,L2,22
5:36:11,Passenger Arrival,2,
5:36:22,Passenger Arrival,3,
5:36:36,Passenger Arrival,2,
5:36:43,Enter Lift,L2,0
5:37:37,Passenger Arrival,4,
5:37:37,Button Pressed,13U10U11U,
5:38:03,Lift Departure,L3,16
5:38:22,Passenger Arrival,2,
5:38:25,Passenger Arrival,5,
5:38:28,Lift Stopped,L3,4
5:38:48,Passenger Arrival,1,
5:38:52,Lift Stopped,L3,3
5:39:15,Enter Lift,L3,0
5:40:01,Passenger Arrival,1,
5:40:01,Button Pressed,9U8D20D,
5:40:01,Lift Departure,L2,8
5:40:05,Passenger Arrival,2,
5:40:25,Lift Stopped,L2,7
5:40:29,Passenger Arrival,1,
5:40:45,Lift Stopped,L2,2
5:41:11,Enter Lift,L2,0
5:42:08,Passenger Arrival,2,
5:42:08,Button Pressed,21U14D14U,
5:42:08,Lift Departure,L2 ,14
5:42:19,Passenger Arrival,3,
5:42:31,Lift Stopped,L2,13
5:42:32,Passenger Arrival,6,
5:42:43,Passenger Arrival,2,
5:42:44,Lift Stopped,L2,11
5:43:18,Passenger Arrival,8,
5:43:20,Lift Departure,L2,23
5:43:41,Lift Stopped,L2,3
5:43:44,Passenger Arrival,1,
5:44:05,Lift Stopped,L2,2
5:44:25,Passenger Arrival,1,
5:44:30,Enter Lift,L2,10
5:44:54,Passenger Arrival,1,
5:44:54,Button Pressed,5U4U5D,
5:44:54,Lift Departure,L1,5
5:45:16,Passenger Arrival,1,
5:45:20,Enter Lift,L1,1
5:45:32,Passenger Arrival,6,
5:45:32,Button Pressed,8U8U5U,
5:45:45,Passenger Arrival,2,
5:46:11,Passenger Arrival,3,
5:46:38,Passenger Arrival,4,
5:46:39,Lift Departure,L2,11
5:47:18,Enter Lift,L2,2
5:48:00,Passenger Arrival,2,
5:48:00,Button Pressed,12D2I13D,
5:48:00,Lift Departure,L3,12
5:48:17,Passenger Arrival,3,
5:48:24,Passenger Arrival,2,
5:48:33,Lift Stopped,L3,1
5:48:46,Passenger Arrival,1,
5:48:54,Enter Lift,L3,0
5:49:17,Passenger Arrival,2,
5:49:17,Button Pressed,1U5U2U,
5:49:55,Passenger Arrival,1,
5:50:13,Passenger Arrival,1,
5:50:27,Passenger Arrival,1,
5:50:39,Passenger Arrival,3,
5:51:12,Passenger Arrival,1,
5:51:39,Passenger Arrival,2,
5:51:47,Lift Departure,L1,10
5:51:55,Passenger Arrival,5,
5:52:03,Lift Stopped,L1,5
5:52:36,Enter Lift,L1,3
5:52:52,Passenger Arrival,5,
5:52:52,Button Pressed,8D16D3U,
5:52:52,Lift Departure,L3,8
5:53:04,Passenger Arrival,1,
5:53:30,Passenger Arrival,2,
5:53:38,Enter Lift,L3,0
5:54:20,Passenger Arrival,3,
5:54:20,Button Pressed,2I3D9U,
5:54:20,Lift Departure,L2,3
5:54:44,Passenger Arrival,1,
5:54:47,Enter Lift,L2,0
5:55:04,Passenger Arrival,3,
5:55:04,Button Pressed,9U3U11U,
5:55:10,Lift Departure,L3,9
5:55:28,Passenger Arrival,2,
5:55:51,Lift Stopped,L3,6
5:56:13,Enter Lift,L3,0
